Name,Sector,Full Time Employees,State,Enterprise Value,Profit Margins,Market Cap,Ask Size,Percentage Increase/Decrease
A.O. Smith Corp,Industrials,"(12566.667, 19950.0]",WI,"(-125994647552.001, 9989673472.0]","(0.106, 0.157]","(6442836480.0, 11985036288.0]","(799.999, 900.0]","(-20.0, 5.0]"
Abbott Laboratories,Health Care,"(75916.667, 2200000.0]",IL,"(90272022528.0, 1317165596672.0]","(0.106, 0.157]","(64683157504.0, 1384281014272.0]","(1400.0, 317000.0]","(-20.0, 5.0]"
AbbVie Inc.,Health Care,"(19950.0, 39333.333]",IL,"(90272022528.0, 1317165596672.0]","(0.247, 0.633]","(64683157504.0, 1384281014272.0]","(799.999, 900.0]","(-20.0, 5.0]"
Activision Blizzard,Information Technology,"(7200.0, 12566.667]",CA,"(44327873194.667, 90272022528.0]","(0.157, 0.247]","(32438835200.0, 64683157504.0]","(1100.0, 1400.0]","(-20.0, 5.0]"
Acuity Brands Inc,Industrials,"(7200.0, 12566.667]",GA,"(-125994647552.001, 9989673472.0]","(0.0778, 0.106]","(925638975.999, 6442836480.0]","(1100.0, 1400.0]","(-45.0, -20.0]"
Adobe Systems Inc,Information Technology,"(19950.0, 39333.333]",CA,"(90272022528.0, 1317165596672.0]","(0.247, 0.633]","(64683157504.0, 1384281014272.0]","(799.999, 900.0]","(-20.0, 5.0]"
Advance Auto Parts,Consumer Discretionary,"(19950.0, 39333.333]",NC,"(9989673472.0, 18410756778.667]","(0.035, 0.0778]","(6442836480.0, 11985036288.0]","(1100.0, 1400.0]","(-45.0, -20.0]"
Advanced Micro Devices Inc,Information Technology,"(7200.0, 12566.667]",CA,"(44327873194.667, 90272022528.0]","(0.035, 0.0778]","(32438835200.0, 64683157504.0]","(1100.0, 1400.0]","(-20.0, 5.0]"
AES Corp,Utilities,"(7200.0, 12566.667]",VA,"(27679045632.0, 44327873194.667]","(-2.243, 0.035]","(6442836480.0, 11985036288.0]","(1000.0, 1100.0]","(-45.0, -20.0]"
Affiliated Managers Group Inc,Financials,"(193.999, 7200.0]",FL,"(-125994647552.001, 9989673472.0]","(0.0778, 0.106]","(925638975.999, 6442836480.0]","(900.0, 1000.0]","(-45.0, -20.0]"
AFLAC Inc,Financials,"(7200.0, 12566.667]",GA,"(27679045632.0, 44327873194.667]","(0.106, 0.157]","(20426820608.0, 32438835200.0]","(1100.0, 1400.0]","(-45.0, -20.0]"
Agilent Technologies Inc,Health Care,"(12566.667, 19950.0]",CA,"(18410756778.667, 27679045632.0]","(0.106, 0.157]","(20426820608.0, 32438835200.0]","(799.999, 900.0]","(-20.0, 5.0]"
Air Products & Chemicals Inc,Materials,"(12566.667, 19950.0]",PA,"(44327873194.667, 90272022528.0]","(0.157, 0.247]","(32438835200.0, 64683157504.0]","(799.999, 900.0]","(-20.0, 5.0]"
Akamai Technologies Inc,Information Technology,"(7200.0, 12566.667]",MA,"(9989673472.0, 18410756778.667]","(0.157, 0.247]","(11985036288.0, 20426820608.0]","(900.0, 1000.0]","(-20.0, 5.0]"
Alaska Air Group Inc,Industrials,"(19950.0, 39333.333]",WA,"(-125994647552.001, 9989673472.0]","(0.035, 0.0778]","(925638975.999, 6442836480.0]","(799.999, 900.0]","(-70.0, -45.0]"
Albemarle Corp,Materials,"(193.999, 7200.0]",NC,"(-125994647552.001, 9989673472.0]","(0.106, 0.157]","(925638975.999, 6442836480.0]","(799.999, 900.0]","(-20.0, 5.0]"
Alexandria Real Estate Equities Inc,Real Estate,"(193.999, 7200.0]",CA,"(27679045632.0, 44327873194.667]","(0.106, 0.157]","(11985036288.0, 20426820608.0]","(799.999, 900.0]","(-20.0, 5.0]"
Alexion Pharmaceuticals,Health Care,"(193.999, 7200.0]",MA,"(18410756778.667, 27679045632.0]","(0.247, 0.633]","(20426820608.0, 32438835200.0]","(799.999, 900.0]","(-20.0, 5.0]"
Allegion,Industrials,"(7200.0, 12566.667]",,"(9989673472.0, 18410756778.667]","(0.106, 0.157]","(6442836480.0, 11985036288.0]","(1100.0, 1400.0]","(-45.0, -20.0]"
Alliance Data Systems,Information Technology,"(7200.0, 12566.667]",OH,"(18410756778.667, 27679045632.0]","(-2.243, 0.035]","(925638975.999, 6442836480.0]","(900.0, 1000.0]","(-70.0, -45.0]"
Alliant Energy Corp,Utilities,"(193.999, 7200.0]",WI,"(18410756778.667, 27679045632.0]","(0.106, 0.157]","(6442836480.0, 11985036288.0]","(799.999, 900.0]","(-20.0, 5.0]"
Allstate Corp,Financials,"(39333.333, 75916.667]",IL,"(27679045632.0, 44327873194.667]","(0.0778, 0.106]","(20426820608.0, 32438835200.0]","(1000.0, 1100.0]","(-20.0, 5.0]"
Alphabet Inc Class A,Information Technology,"(75916.667, 2200000.0]",CA,"(90272022528.0, 1317165596672.0]","(0.157, 0.247]","(64683157504.0, 1384281014272.0]","(1000.0, 1100.0]","(-20.0, 5.0]"
Alphabet Inc Class C,Information Technology,"(75916.667, 2200000.0]",CA,"(90272022528.0, 1317165596672.0]","(0.157, 0.247]","(64683157504.0, 1384281014272.0]","(1100.0, 1400.0]","(-20.0, 5.0]"
Altria Group Inc,Consumer Staples,"(7200.0, 12566.667]",VA,"(90272022528.0, 1317165596672.0]","(-2.243, 0.035]","(64683157504.0, 1384281014272.0]","(900.0, 1000.0]","(-20.0, 5.0]"
Amazon.com Inc.,Consumer Discretionary,"(75916.667, 2200000.0]",WA,"(90272022528.0, 1317165596672.0]","(0.035, 0.0778]","(64683157504.0, 1384281014272.0]","(1000.0, 1100.0]","(5.0, 30.0]"
Ameren Corp,Utilities,"(7200.0, 12566.667]",MO,"(27679045632.0, 44327873194.667]","(0.106, 0.157]","(11985036288.0, 20426820608.0]","(799.999, 900.0]","(-20.0, 5.0]"
American Airlines Group,Industrials,"(75916.667, 2200000.0]",TX,"(27679045632.0, 44327873194.667]","(-2.243, 0.035]","(925638975.999, 6442836480.0]","(1400.0, 317000.0]","(-70.0, -45.0]"
American Electric Power,Utilities,"(12566.667, 19950.0]",OH,"(44327873194.667, 90272022528.0]","(0.106, 0.157]","(32438835200.0, 64683157504.0]","(799.999, 900.0]","(-20.0, 5.0]"
American Express Co,Financials,"(39333.333, 75916.667]",NY,"(44327873194.667, 90272022528.0]","(0.106, 0.157]","(64683157504.0, 1384281014272.0]","(799.999, 900.0]","(-45.0, -20.0]"
American Tower Corp A,Real Estate,"(193.999, 7200.0]",MA,"(90272022528.0, 1317165596672.0]","(0.157, 0.247]","(64683157504.0, 1384281014272.0]","(799.999, 900.0]","(-20.0, 5.0]"
American Water Works Company Inc,Utilities,"(193.999, 7200.0]",NJ,"(27679045632.0, 44327873194.667]","(0.157, 0.247]","(20426820608.0, 32438835200.0]","(1100.0, 1400.0]","(-20.0, 5.0]"
Ameriprise Financial,Financials,"(7200.0, 12566.667]",MN,"(9989673472.0, 18410756778.667]","(0.106, 0.157]","(11985036288.0, 20426820608.0]","(799.999, 900.0]","(-45.0, -20.0]"
AMETEK Inc.,Industrials,"(12566.667, 19950.0]",PA,"(18410756778.667, 27679045632.0]","(0.157, 0.247]","(11985036288.0, 20426820608.0]","(799.999, 900.0]","(-45.0, -20.0]"
Amgen Inc.,Health Care,"(19950.0, 39333.333]",CA,"(90272022528.0, 1317165596672.0]","(0.247, 0.633]","(64683157504.0, 1384281014272.0]","(1100.0, 1400.0]","(-20.0, 5.0]"
"Analog Devices, Inc.",Information Technology,"(12566.667, 19950.0]",MA,"(27679045632.0, 44327873194.667]","(0.157, 0.247]","(32438835200.0, 64683157504.0]","(1000.0, 1100.0]","(-20.0, 5.0]"
ANSYS,Information Technology,"(193.999, 7200.0]",PA,"(18410756778.667, 27679045632.0]","(0.247, 0.633]","(20426820608.0, 32438835200.0]","(799.999, 900.0]","(-20.0, 5.0]"
Aon plc,Financials,"(39333.333, 75916.667]",,"(44327873194.667, 90272022528.0]","(0.106, 0.157]","(32438835200.0, 64683157504.0]","(900.0, 1000.0]","(-20.0, 5.0]"
Apache Corporation,Energy,"(193.999, 7200.0]",TX,"(9989673472.0, 18410756778.667]","(-2.243, 0.035]","(925638975.999, 6442836480.0]","(900.0, 1000.0]","(-95.0, -70.0]"
Apple Inc.,Information Technology,"(75916.667, 2200000.0]",CA,"(90272022528.0, 1317165596672.0]","(0.157, 0.247]","(64683157504.0, 1384281014272.0]","(799.999, 900.0]","(-20.0, 5.0]"
Applied Materials Inc.,Information Technology,"(19950.0, 39333.333]",CA,"(44327873194.667, 90272022528.0]","(0.157, 0.247]","(32438835200.0, 64683157504.0]","(1100.0, 1400.0]","(-45.0, -20.0]"
Archer-Daniels-Midland Co,Consumer Staples,"(19950.0, 39333.333]",IL,"(27679045632.0, 44327873194.667]","(-2.243, 0.035]","(11985036288.0, 20426820608.0]","(799.999, 900.0]","(-20.0, 5.0]"
Arthur J. Gallagher & Co.,Financials,"(19950.0, 39333.333]",IL,"(18410756778.667, 27679045632.0]","(0.0778, 0.106]","(11985036288.0, 20426820608.0]","(799.999, 900.0]","(-20.0, 5.0]"
Assurant Inc.,Financials,"(12566.667, 19950.0]",NY,"(9989673472.0, 18410756778.667]","(0.035, 0.0778]","(925638975.999, 6442836480.0]","(1100.0, 1400.0]","(-45.0, -20.0]"
AT&T Inc.,Telecommunication Services,"(75916.667, 2200000.0]",TX,"(90272022528.0, 1317165596672.0]","(0.0778, 0.106]","(64683157504.0, 1384281014272.0]","(1000.0, 1100.0]","(-20.0, 5.0]"
Autodesk Inc.,Information Technology,"(7200.0, 12566.667]",CA,"(27679045632.0, 44327873194.667]","(0.035, 0.0778]","(32438835200.0, 64683157504.0]","(1100.0, 1400.0]","(-20.0, 5.0]"
Automatic Data Processing,Information Technology,"(39333.333, 75916.667]",NJ,"(44327873194.667, 90272022528.0]","(0.157, 0.247]","(32438835200.0, 64683157504.0]","(799.999, 900.0]","(-45.0, -20.0]"
AutoZone Inc,Consumer Discretionary,"(39333.333, 75916.667]",TN,"(27679045632.0, 44327873194.667]","(0.106, 0.157]","(20426820608.0, 32438835200.0]","(799.999, 900.0]","(-45.0, -20.0]"
Avery Dennison Corp,Materials,"(19950.0, 39333.333]",CA,"(9989673472.0, 18410756778.667]","(0.0778, 0.106]","(6442836480.0, 11985036288.0]","(799.999, 900.0]","(-20.0, 5.0]"
Ball Corp,Materials,"(12566.667, 19950.0]",CO,"(27679045632.0, 44327873194.667]","(0.035, 0.0778]","(20426820608.0, 32438835200.0]","(799.999, 900.0]","(-20.0, 5.0]"
Bank of America Corp,Financials,"(75916.667, 2200000.0]",NC,"(27679045632.0, 44327873194.667]","(0.247, 0.633]","(64683157504.0, 1384281014272.0]","(1400.0, 317000.0]","(-45.0, -20.0]"
Baxter International Inc.,Health Care,"(39333.333, 75916.667]",IL,"(44327873194.667, 90272022528.0]","(0.0778, 0.106]","(32438835200.0, 64683157504.0]","(799.999, 900.0]","(-20.0, 5.0]"
Becton Dickinson,Health Care,"(39333.333, 75916.667]",NJ,"(44327873194.667, 90272022528.0]","(0.035, 0.0778]","(64683157504.0, 1384281014272.0]","(799.999, 900.0]","(-20.0, 5.0]"
Best Buy Co. Inc.,Consumer Discretionary,"(75916.667, 2200000.0]",MN,"(18410756778.667, 27679045632.0]","(0.035, 0.0778]","(11985036288.0, 20426820608.0]","(799.999, 900.0]","(-45.0, -20.0]"
Biogen Inc.,Health Care,"(7200.0, 12566.667]",MA,"(44327873194.667, 90272022528.0]","(0.247, 0.633]","(32438835200.0, 64683157504.0]","(1000.0, 1100.0]","(-20.0, 5.0]"
BlackRock,Financials,"(12566.667, 19950.0]",NY,"(44327873194.667, 90272022528.0]","(0.247, 0.633]","(64683157504.0, 1384281014272.0]","(900.0, 1000.0]","(-20.0, 5.0]"
Block H&R,Financials,"(193.999, 7200.0]",MO,"(-125994647552.001, 9989673472.0]","(0.106, 0.157]","(925638975.999, 6442836480.0]","(1100.0, 1400.0]","(-45.0, -20.0]"
Boeing Company,Industrials,"(75916.667, 2200000.0]",IL,"(90272022528.0, 1317165596672.0]","(-2.243, 0.035]","(64683157504.0, 1384281014272.0]","(799.999, 900.0]","(-70.0, -45.0]"
Booking Holdings Inc,Consumer Discretionary,"(19950.0, 39333.333]",CT,"(44327873194.667, 90272022528.0]","(0.247, 0.633]","(32438835200.0, 64683157504.0]","(900.0, 1000.0]","(-45.0, -20.0]"
BorgWarner,Consumer Discretionary,"(19950.0, 39333.333]",MI,"(-125994647552.001, 9989673472.0]","(0.035, 0.0778]","(925638975.999, 6442836480.0]","(799.999, 900.0]","(-45.0, -20.0]"
Boston Properties,Real Estate,"(193.999, 7200.0]",MA,"(27679045632.0, 44327873194.667]","(0.247, 0.633]","(11985036288.0, 20426820608.0]","(1400.0, 317000.0]","(-45.0, -20.0]"
Boston Scientific,Health Care,"(19950.0, 39333.333]",MA,"(44327873194.667, 90272022528.0]","(0.247, 0.633]","(32438835200.0, 64683157504.0]","(799.999, 900.0]","(-45.0, -20.0]"
Brighthouse Financial Inc,Financials,"(193.999, 7200.0]",NC,"(-125994647552.001, 9989673472.0]","(-2.243, 0.035]","(925638975.999, 6442836480.0]","(1100.0, 1400.0]","(-45.0, -20.0]"
Broadcom,Information Technology,"(12566.667, 19950.0]",CA,"(90272022528.0, 1317165596672.0]","(0.106, 0.157]","(64683157504.0, 1384281014272.0]","(799.999, 900.0]","(-45.0, -20.0]"
Cabot Oil & Gas,Energy,"(193.999, 7200.0]",TX,"(-125994647552.001, 9989673472.0]","(0.247, 0.633]","(6442836480.0, 11985036288.0]","(900.0, 1000.0]","(5.0, 30.0]"
Cadence Design Systems,Information Technology,"(7200.0, 12566.667]",CA,"(18410756778.667, 27679045632.0]","(0.247, 0.633]","(20426820608.0, 32438835200.0]","(799.999, 900.0]","(-20.0, 5.0]"
Campbell Soup,Consumer Staples,"(12566.667, 19950.0]",NJ,"(18410756778.667, 27679045632.0]","(0.157, 0.247]","(11985036288.0, 20426820608.0]","(799.999, 900.0]","(-20.0, 5.0]"
Capital One Financial,Financials,"(39333.333, 75916.667]",VA,"(44327873194.667, 90272022528.0]","(0.106, 0.157]","(20426820608.0, 32438835200.0]","(1000.0, 1100.0]","(-70.0, -45.0]"
Carmax Inc,Consumer Discretionary,"(19950.0, 39333.333]",VA,"(27679045632.0, 44327873194.667]","(0.035, 0.0778]","(6442836480.0, 11985036288.0]","(900.0, 1000.0]","(-45.0, -20.0]"
Caterpillar Inc.,Industrials,"(75916.667, 2200000.0]",IL,"(90272022528.0, 1317165596672.0]","(0.0778, 0.106]","(32438835200.0, 64683157504.0]","(1000.0, 1100.0]","(-20.0, 5.0]"
Cboe Global Markets,Financials,"(193.999, 7200.0]",IL,"(9989673472.0, 18410756778.667]","(0.106, 0.157]","(6442836480.0, 11985036288.0]","(1000.0, 1100.0]","(-45.0, -20.0]"
Centene Corporation,Health Care,"(39333.333, 75916.667]",MO,"(44327873194.667, 90272022528.0]","(-2.243, 0.035]","(32438835200.0, 64683157504.0]","(799.999, 900.0]","(-20.0, 5.0]"
CenterPoint Energy,Utilities,"(12566.667, 19950.0]",TX,"(18410756778.667, 27679045632.0]","(0.035, 0.0778]","(6442836480.0, 11985036288.0]","(1000.0, 1100.0]","(-45.0, -20.0]"
Cerner,Health Care,"(19950.0, 39333.333]",MO,"(18410756778.667, 27679045632.0]","(0.0778, 0.106]","(11985036288.0, 20426820608.0]","(799.999, 900.0]","(-20.0, 5.0]"
CF Industries Holdings Inc,Materials,"(193.999, 7200.0]",IL,"(9989673472.0, 18410756778.667]","(0.106, 0.157]","(925638975.999, 6442836480.0]","(799.999, 900.0]","(-45.0, -20.0]"
Charles Schwab Corporation,Financials,"(19950.0, 39333.333]",CA,"(-125994647552.001, 9989673472.0]","(0.247, 0.633]","(32438835200.0, 64683157504.0]","(799.999, 900.0]","(-45.0, -20.0]"
Charter Communications,Consumer Discretionary,"(75916.667, 2200000.0]",CT,"(90272022528.0, 1317165596672.0]","(0.035, 0.0778]","(64683157504.0, 1384281014272.0]","(799.999, 900.0]","(-20.0, 5.0]"
Chipotle Mexican Grill,Consumer Discretionary,"(75916.667, 2200000.0]",CA,"(18410756778.667, 27679045632.0]","(0.035, 0.0778]","(20426820608.0, 32438835200.0]","(1400.0, 317000.0]","(-20.0, 5.0]"
Church & Dwight,Consumer Staples,"(193.999, 7200.0]",NJ,"(18410756778.667, 27679045632.0]","(0.106, 0.157]","(11985036288.0, 20426820608.0]","(1400.0, 317000.0]","(-20.0, 5.0]"
CIGNA Corp.,Health Care,"(39333.333, 75916.667]",CT,"(90272022528.0, 1317165596672.0]","(-2.243, 0.035]","(64683157504.0, 1384281014272.0]","(1000.0, 1100.0]","(-20.0, 5.0]"
Cimarex Energy,Energy,"(193.999, 7200.0]",CO,"(-125994647552.001, 9989673472.0]","(-2.243, 0.035]","(925638975.999, 6442836480.0]","(799.999, 900.0]","(-70.0, -45.0]"
Cincinnati Financial,Financials,"(193.999, 7200.0]",OH,"(-125994647552.001, 9989673472.0]","(-2.243, 0.035]","(6442836480.0, 11985036288.0]","(799.999, 900.0]","(-45.0, -20.0]"
Cintas Corporation,Industrials,"(39333.333, 75916.667]",OH,"(18410756778.667, 27679045632.0]","(0.106, 0.157]","(20426820608.0, 32438835200.0]","(1100.0, 1400.0]","(-45.0, -20.0]"
Cisco Systems,Information Technology,"(39333.333, 75916.667]",CA,"(90272022528.0, 1317165596672.0]","(0.157, 0.247]","(64683157504.0, 1384281014272.0]","(1000.0, 1100.0]","(-20.0, 5.0]"
Citizens Financial Group,Financials,"(12566.667, 19950.0]",RI,"(18410756778.667, 27679045632.0]","(0.157, 0.247]","(6442836480.0, 11985036288.0]","(1100.0, 1400.0]","(-70.0, -45.0]"
Citrix Systems,Information Technology,"(7200.0, 12566.667]",FL,"(18410756778.667, 27679045632.0]","(0.157, 0.247]","(11985036288.0, 20426820608.0]","(799.999, 900.0]","(5.0, 30.0]"
CME Group Inc.,Financials,"(193.999, 7200.0]",IL,"(44327873194.667, 90272022528.0]","(0.247, 0.633]","(32438835200.0, 64683157504.0]","(1000.0, 1100.0]","(-20.0, 5.0]"
CMS Energy,Utilities,"(7200.0, 12566.667]",MI,"(27679045632.0, 44327873194.667]","(0.106, 0.157]","(11985036288.0, 20426820608.0]","(799.999, 900.0]","(-20.0, 5.0]"
Coca-Cola Company (The),Consumer Staples,"(75916.667, 2200000.0]",GA,"(90272022528.0, 1317165596672.0]","(0.247, 0.633]","(64683157504.0, 1384281014272.0]","(1100.0, 1400.0]","(-20.0, 5.0]"
Cognizant Technology Solutions,Information Technology,"(75916.667, 2200000.0]",NJ,"(27679045632.0, 44327873194.667]","(0.106, 0.157]","(20426820608.0, 32438835200.0]","(1100.0, 1400.0]","(-45.0, -20.0]"
Colgate-Palmolive,Consumer Staples,"(19950.0, 39333.333]",NY,"(44327873194.667, 90272022528.0]","(0.157, 0.247]","(32438835200.0, 64683157504.0]","(799.999, 900.0]","(-20.0, 5.0]"
Comerica Inc.,Financials,"(7200.0, 12566.667]",TX,"(-125994647552.001, 9989673472.0]","(0.247, 0.633]","(925638975.999, 6442836480.0]","(900.0, 1000.0]","(-70.0, -45.0]"
Conagra Brands,Consumer Staples,"(12566.667, 19950.0]",IL,"(18410756778.667, 27679045632.0]","(0.035, 0.0778]","(11985036288.0, 20426820608.0]","(799.999, 900.0]","(-20.0, 5.0]"
Concho Resources,Energy,"(193.999, 7200.0]",TX,"(9989673472.0, 18410756778.667]","(-2.243, 0.035]","(6442836480.0, 11985036288.0]","(799.999, 900.0]","(-45.0, -20.0]"
ConocoPhillips,Energy,"(7200.0, 12566.667]",TX,"(44327873194.667, 90272022528.0]","(0.106, 0.157]","(32438835200.0, 64683157504.0]","(799.999, 900.0]","(-70.0, -45.0]"
Consolidated Edison,Utilities,"(12566.667, 19950.0]",NY,"(44327873194.667, 90272022528.0]","(0.106, 0.157]","(20426820608.0, 32438835200.0]","(900.0, 1000.0]","(-20.0, 5.0]"
Corning Inc.,Information Technology,"(39333.333, 75916.667]",NY,"(18410756778.667, 27679045632.0]","(-2.243, 0.035]","(11985036288.0, 20426820608.0]","(799.999, 900.0]","(-45.0, -20.0]"
Costco Wholesale Corp.,Consumer Staples,"(75916.667, 2200000.0]",WA,"(90272022528.0, 1317165596672.0]","(-2.243, 0.035]","(64683157504.0, 1384281014272.0]","(1000.0, 1100.0]","(-20.0, 5.0]"
"Coty, Inc",Consumer Staples,"(12566.667, 19950.0]",NY,"(9989673472.0, 18410756778.667]","(-2.243, 0.035]","(925638975.999, 6442836480.0]","(1400.0, 317000.0]","(-70.0, -45.0]"
Crown Castle International Corp.,Real Estate,"(193.999, 7200.0]",TX,"(90272022528.0, 1317165596672.0]","(0.106, 0.157]","(32438835200.0, 64683157504.0]","(799.999, 900.0]","(-20.0, 5.0]"
CSX Corp.,Industrials,"(19950.0, 39333.333]",FL,"(44327873194.667, 90272022528.0]","(0.247, 0.633]","(32438835200.0, 64683157504.0]","(799.999, 900.0]","(-45.0, -20.0]"
Cummins Inc.,Industrials,"(39333.333, 75916.667]",IN,"(18410756778.667, 27679045632.0]","(0.0778, 0.106]","(20426820608.0, 32438835200.0]","(799.999, 900.0]","(-20.0, 5.0]"
CVS Health,Consumer Staples,"(75916.667, 2200000.0]",RI,"(90272022528.0, 1317165596672.0]","(-2.243, 0.035]","(64683157504.0, 1384281014272.0]","(900.0, 1000.0]","(-20.0, 5.0]"
D. R. Horton,Consumer Discretionary,"(7200.0, 12566.667]",TX,"(18410756778.667, 27679045632.0]","(0.0778, 0.106]","(11985036288.0, 20426820608.0]","(799.999, 900.0]","(-45.0, -20.0]"
Darden Restaurants,Consumer Discretionary,"(75916.667, 2200000.0]",FL,"(9989673472.0, 18410756778.667]","(0.035, 0.0778]","(6442836480.0, 11985036288.0]","(1100.0, 1400.0]","(-70.0, -45.0]"
DaVita Inc.,Health Care,"(39333.333, 75916.667]",CO,"(18410756778.667, 27679045632.0]","(0.035, 0.0778]","(6442836480.0, 11985036288.0]","(1100.0, 1400.0]","(-20.0, 5.0]"
Deere & Co.,Industrials,"(39333.333, 75916.667]",IL,"(44327873194.667, 90272022528.0]","(0.0778, 0.106]","(32438835200.0, 64683157504.0]","(1000.0, 1100.0]","(-20.0, 5.0]"
Delta Air Lines Inc.,Industrials,"(75916.667, 2200000.0]",GA,"(27679045632.0, 44327873194.667]","(0.035, 0.0778]","(11985036288.0, 20426820608.0]","(1400.0, 317000.0]","(-70.0, -45.0]"
Digital Realty Trust Inc,Real Estate,"(193.999, 7200.0]",CA,"(44327873194.667, 90272022528.0]","(0.157, 0.247]","(32438835200.0, 64683157504.0]","(799.999, 900.0]","(5.0, 30.0]"
Discover Financial Services,Financials,"(12566.667, 19950.0]",IL,"(27679045632.0, 44327873194.667]","(0.247, 0.633]","(11985036288.0, 20426820608.0]","(799.999, 900.0]","(-70.0, -45.0]"
Discovery Inc. Class A,Consumer Discretionary,"(7200.0, 12566.667]",MD,"(27679045632.0, 44327873194.667]","(0.157, 0.247]","(6442836480.0, 11985036288.0]","(1400.0, 317000.0]","(-45.0, -20.0]"
Discovery Inc. Class C,Consumer Discretionary,"(7200.0, 12566.667]",MD,"(27679045632.0, 44327873194.667]","(0.157, 0.247]","(6442836480.0, 11985036288.0]","(1400.0, 317000.0]","(-45.0, -20.0]"
Dish Network,Consumer Discretionary,"(12566.667, 19950.0]",CO,"(18410756778.667, 27679045632.0]","(0.106, 0.157]","(6442836480.0, 11985036288.0]","(900.0, 1000.0]","(-45.0, -20.0]"
Dollar General,Consumer Discretionary,"(75916.667, 2200000.0]",TN,"(44327873194.667, 90272022528.0]","(0.035, 0.0778]","(32438835200.0, 64683157504.0]","(900.0, 1000.0]","(-20.0, 5.0]"
Dollar Tree,Consumer Discretionary,"(39333.333, 75916.667]",VA,"(18410756778.667, 27679045632.0]","(0.035, 0.0778]","(11985036288.0, 20426820608.0]","(1000.0, 1100.0]","(-20.0, 5.0]"
Dominion Energy,Utilities,"(12566.667, 19950.0]",VA,"(90272022528.0, 1317165596672.0]","(0.0778, 0.106]","(64683157504.0, 1384281014272.0]","(799.999, 900.0]","(-20.0, 5.0]"
Dover Corp.,Industrials,"(19950.0, 39333.333]",IL,"(9989673472.0, 18410756778.667]","(0.0778, 0.106]","(11985036288.0, 20426820608.0]","(1400.0, 317000.0]","(-45.0, -20.0]"
DTE Energy Co.,Utilities,"(7200.0, 12566.667]",MI,"(27679045632.0, 44327873194.667]","(0.0778, 0.106]","(11985036288.0, 20426820608.0]","(799.999, 900.0]","(-45.0, -20.0]"
DXC Technology,Information Technology,"(75916.667, 2200000.0]",VA,"(9989673472.0, 18410756778.667]","(-2.243, 0.035]","(925638975.999, 6442836480.0]","(799.999, 900.0]","(-70.0, -45.0]"
Eastman Chemical,Materials,"(12566.667, 19950.0]",TN,"(9989673472.0, 18410756778.667]","(0.0778, 0.106]","(6442836480.0, 11985036288.0]","(799.999, 900.0]","(-45.0, -20.0]"
eBay Inc.,Information Technology,"(12566.667, 19950.0]",CA,"(27679045632.0, 44327873194.667]","(0.247, 0.633]","(20426820608.0, 32438835200.0]","(900.0, 1000.0]","(-20.0, 5.0]"
Ecolab Inc.,Materials,"(39333.333, 75916.667]",MN,"(44327873194.667, 90272022528.0]","(0.0778, 0.106]","(32438835200.0, 64683157504.0]","(900.0, 1000.0]","(-20.0, 5.0]"
Edison Int’l,Utilities,"(12566.667, 19950.0]",CA,"(27679045632.0, 44327873194.667]","(0.0778, 0.106]","(11985036288.0, 20426820608.0]","(799.999, 900.0]","(-45.0, -20.0]"
Edwards Lifesciences,Health Care,"(12566.667, 19950.0]",CA,"(27679045632.0, 44327873194.667]","(0.157, 0.247]","(32438835200.0, 64683157504.0]","(1100.0, 1400.0]","(-20.0, 5.0]"
Emerson Electric Company,Industrials,"(75916.667, 2200000.0]",MO,"(27679045632.0, 44327873194.667]","(0.106, 0.157]","(32438835200.0, 64683157504.0]","(799.999, 900.0]","(-45.0, -20.0]"
EOG Resources,Energy,"(193.999, 7200.0]",TX,"(27679045632.0, 44327873194.667]","(0.157, 0.247]","(20426820608.0, 32438835200.0]","(1100.0, 1400.0]","(-70.0, -45.0]"
EQT Corporation,Energy,"(193.999, 7200.0]",PA,"(-125994647552.001, 9989673472.0]","(-2.243, 0.035]","(925638975.999, 6442836480.0]","(1000.0, 1100.0]","(5.0, 30.0]"
Equifax Inc.,Industrials,"(7200.0, 12566.667]",GA,"(18410756778.667, 27679045632.0]","(0.035, 0.0778]","(11985036288.0, 20426820608.0]","(799.999, 900.0]","(-20.0, 5.0]"
Equinix,Real Estate,"(7200.0, 12566.667]",CA,"(44327873194.667, 90272022528.0]","(0.0778, 0.106]","(32438835200.0, 64683157504.0]","(1100.0, 1400.0]","(5.0, 30.0]"
Equity Residential,Real Estate,"(193.999, 7200.0]",IL,"(27679045632.0, 44327873194.667]","(0.247, 0.633]","(20426820608.0, 32438835200.0]","(900.0, 1000.0]","(-45.0, -20.0]"
"Essex Property Trust, Inc.",Real Estate,"(193.999, 7200.0]",CA,"(18410756778.667, 27679045632.0]","(0.247, 0.633]","(11985036288.0, 20426820608.0]","(799.999, 900.0]","(-45.0, -20.0]"
Estee Lauder Cos.,Consumer Staples,"(39333.333, 75916.667]",NY,"(44327873194.667, 90272022528.0]","(0.0778, 0.106]","(32438835200.0, 64683157504.0]","(1100.0, 1400.0]","(-20.0, 5.0]"
Eversource Energy,Utilities,"(7200.0, 12566.667]",MA,"(27679045632.0, 44327873194.667]","(0.106, 0.157]","(20426820608.0, 32438835200.0]","(1100.0, 1400.0]","(-20.0, 5.0]"
Exelon Corp.,Utilities,"(19950.0, 39333.333]",IL,"(44327873194.667, 90272022528.0]","(0.0778, 0.106]","(32438835200.0, 64683157504.0]","(1400.0, 317000.0]","(-45.0, -20.0]"
Expeditors International,Industrials,"(12566.667, 19950.0]",WA,"(9989673472.0, 18410756778.667]","(0.035, 0.0778]","(11985036288.0, 20426820608.0]","(799.999, 900.0]","(-20.0, 5.0]"
Extra Space Storage,Real Estate,"(193.999, 7200.0]",UT,"(9989673472.0, 18410756778.667]","(0.247, 0.633]","(6442836480.0, 11985036288.0]","(1100.0, 1400.0]","(-20.0, 5.0]"
F5 Networks,Information Technology,"(193.999, 7200.0]",WA,"(-125994647552.001, 9989673472.0]","(0.106, 0.157]","(6442836480.0, 11985036288.0]","(799.999, 900.0]","(-20.0, 5.0]"
"Facebook, Inc.",Information Technology,"(39333.333, 75916.667]",CA,"(90272022528.0, 1317165596672.0]","(0.247, 0.633]","(64683157504.0, 1384281014272.0]","(1400.0, 317000.0]","(-20.0, 5.0]"
Fastenal Co,Industrials,"(19950.0, 39333.333]",MN,"(18410756778.667, 27679045632.0]","(0.106, 0.157]","(20426820608.0, 32438835200.0]","(1400.0, 317000.0]","(-20.0, 5.0]"
Federal Realty Investment Trust,Real Estate,"(193.999, 7200.0]",MD,"(-125994647552.001, 9989673472.0]","(0.247, 0.633]","(925638975.999, 6442836480.0]","(799.999, 900.0]","(-45.0, -20.0]"
Fidelity National Information Services,Information Technology,"(39333.333, 75916.667]",FL,"(90272022528.0, 1317165596672.0]","(-2.243, 0.035]","(64683157504.0, 1384281014272.0]","(799.999, 900.0]","(-20.0, 5.0]"
Fifth Third Bancorp,Financials,"(19950.0, 39333.333]",OH,"(27679045632.0, 44327873194.667]","(0.247, 0.633]","(6442836480.0, 11985036288.0]","(1400.0, 317000.0]","(-70.0, -45.0]"
FirstEnergy Corp,Utilities,"(7200.0, 12566.667]",OH,"(44327873194.667, 90272022528.0]","(0.035, 0.0778]","(20426820608.0, 32438835200.0]","(799.999, 900.0]","(-20.0, 5.0]"
Fiserv Inc,Information Technology,"(39333.333, 75916.667]",WI,"(90272022528.0, 1317165596672.0]","(0.0778, 0.106]","(64683157504.0, 1384281014272.0]","(799.999, 900.0]","(-20.0, 5.0]"
FLIR Systems,Information Technology,"(193.999, 7200.0]",OR,"(-125994647552.001, 9989673472.0]","(0.0778, 0.106]","(925638975.999, 6442836480.0]","(1100.0, 1400.0]","(-45.0, -20.0]"
Fluor Corp.,Industrials,"(39333.333, 75916.667]",TX,"(-125994647552.001, 9989673472.0]","(-2.243, 0.035]","(925638975.999, 6442836480.0]","(799.999, 900.0]","(-70.0, -45.0]"
Foot Locker Inc,Consumer Discretionary,"(12566.667, 19950.0]",NY,"(-125994647552.001, 9989673472.0]","(0.035, 0.0778]","(925638975.999, 6442836480.0]","(1000.0, 1100.0]","(-45.0, -20.0]"
Fortive Corp,Industrials,"(19950.0, 39333.333]",WA,"(18410756778.667, 27679045632.0]","(0.0778, 0.106]","(11985036288.0, 20426820608.0]","(900.0, 1000.0]","(-45.0, -20.0]"
Fortune Brands Home & Security,Industrials,"(19950.0, 39333.333]",IL,"(-125994647552.001, 9989673472.0]","(0.0778, 0.106]","(6442836480.0, 11985036288.0]","(799.999, 900.0]","(-45.0, -20.0]"
Franklin Resources,Financials,"(7200.0, 12566.667]",CA,"(-125994647552.001, 9989673472.0]","(0.157, 0.247]","(6442836480.0, 11985036288.0]","(799.999, 900.0]","(-45.0, -20.0]"
Freeport-McMoRan Inc.,Materials,"(19950.0, 39333.333]",AZ,"(27679045632.0, 44327873194.667]","(-2.243, 0.035]","(11985036288.0, 20426820608.0]","(1400.0, 317000.0]","(-45.0, -20.0]"
Gap Inc.,Consumer Discretionary,"(75916.667, 2200000.0]",CA,"(-125994647552.001, 9989673472.0]","(-2.243, 0.035]","(925638975.999, 6442836480.0]","(1400.0, 317000.0]","(-70.0, -45.0]"
General Dynamics,Industrials,"(75916.667, 2200000.0]",VA,"(44327873194.667, 90272022528.0]","(0.0778, 0.106]","(32438835200.0, 64683157504.0]","(1000.0, 1100.0]","(-45.0, -20.0]"
General Electric,Industrials,"(75916.667, 2200000.0]",MA,"(90272022528.0, 1317165596672.0]","(-2.243, 0.035]","(32438835200.0, 64683157504.0]","(1400.0, 317000.0]","(-45.0, -20.0]"
General Mills,Consumer Staples,"(39333.333, 75916.667]",MN,"(44327873194.667, 90272022528.0]","(0.106, 0.157]","(32438835200.0, 64683157504.0]","(1100.0, 1400.0]","(5.0, 30.0]"
General Motors,Consumer Discretionary,"(75916.667, 2200000.0]",MI,"(90272022528.0, 1317165596672.0]","(0.035, 0.0778]","(20426820608.0, 32438835200.0]","(1400.0, 317000.0]","(-45.0, -20.0]"
Genuine Parts,Consumer Discretionary,"(39333.333, 75916.667]",GA,"(9989673472.0, 18410756778.667]","(-2.243, 0.035]","(6442836480.0, 11985036288.0]","(900.0, 1000.0]","(-45.0, -20.0]"
Gilead Sciences,Health Care,"(7200.0, 12566.667]",CA,"(90272022528.0, 1317165596672.0]","(0.157, 0.247]","(64683157504.0, 1384281014272.0]","(799.999, 900.0]","(5.0, 30.0]"
Global Payments Inc.,Information Technology,"(19950.0, 39333.333]",GA,"(44327873194.667, 90272022528.0]","(0.0778, 0.106]","(32438835200.0, 64683157504.0]","(799.999, 900.0]","(-45.0, -20.0]"
Goldman Sachs Group,Financials,"(19950.0, 39333.333]",NY,"(-125994647552.001, 9989673472.0]","(0.157, 0.247]","(32438835200.0, 64683157504.0]","(799.999, 900.0]","(-45.0, -20.0]"
Goodyear Tire & Rubber,Consumer Discretionary,"(39333.333, 75916.667]",OH,"(-125994647552.001, 9989673472.0]","(-2.243, 0.035]","(925638975.999, 6442836480.0]","(1400.0, 317000.0]","(-70.0, -45.0]"
Grainger (W.W.) Inc.,Industrials,"(19950.0, 39333.333]",IL,"(9989673472.0, 18410756778.667]","(0.035, 0.0778]","(11985036288.0, 20426820608.0]","(799.999, 900.0]","(-20.0, 5.0]"
Halliburton Co.,Energy,"(39333.333, 75916.667]",TX,"(9989673472.0, 18410756778.667]","(-2.243, 0.035]","(6442836480.0, 11985036288.0]","(1400.0, 317000.0]","(-70.0, -45.0]"
Hanesbrands Inc,Consumer Discretionary,"(39333.333, 75916.667]",NC,"(-125994647552.001, 9989673472.0]","(0.035, 0.0778]","(925638975.999, 6442836480.0]","(1400.0, 317000.0]","(-45.0, -20.0]"
Harley-Davidson,Consumer Discretionary,"(193.999, 7200.0]",WI,"(-125994647552.001, 9989673472.0]","(0.035, 0.0778]","(925638975.999, 6442836480.0]","(799.999, 900.0]","(-45.0, -20.0]"
Hartford Financial Svc.Gp.,Financials,"(12566.667, 19950.0]",CT,"(9989673472.0, 18410756778.667]","(0.0778, 0.106]","(11985036288.0, 20426820608.0]","(799.999, 900.0]","(-45.0, -20.0]"
Hasbro Inc.,Consumer Discretionary,"(193.999, 7200.0]",RI,"(9989673472.0, 18410756778.667]","(0.0778, 0.106]","(6442836480.0, 11985036288.0]","(799.999, 900.0]","(-45.0, -20.0]"
HCA Holdings,Health Care,"(75916.667, 2200000.0]",TN,"(44327873194.667, 90272022528.0]","(0.035, 0.0778]","(32438835200.0, 64683157504.0]","(799.999, 900.0]","(-45.0, -20.0]"
Helmerich & Payne,Energy,"(193.999, 7200.0]",OK,"(-125994647552.001, 9989673472.0]","(-2.243, 0.035]","(925638975.999, 6442836480.0]","(799.999, 900.0]","(-70.0, -45.0]"
Henry Schein,Health Care,"(12566.667, 19950.0]",NY,"(-125994647552.001, 9989673472.0]","(0.035, 0.0778]","(6442836480.0, 11985036288.0]","(900.0, 1000.0]","(-45.0, -20.0]"
Hewlett Packard Enterprise,Information Technology,"(39333.333, 75916.667]",CA,"(18410756778.667, 27679045632.0]","(0.035, 0.0778]","(11985036288.0, 20426820608.0]","(1100.0, 1400.0]","(-45.0, -20.0]"
Hologic,Health Care,"(193.999, 7200.0]",MA,"(9989673472.0, 18410756778.667]","(0.106, 0.157]","(11985036288.0, 20426820608.0]","(1400.0, 317000.0]","(-45.0, -20.0]"
Home Depot,Consumer Discretionary,"(75916.667, 2200000.0]",GA,"(90272022528.0, 1317165596672.0]","(0.0778, 0.106]","(64683157504.0, 1384281014272.0]","(900.0, 1000.0]","(-20.0, 5.0]"
Hormel Foods Corp.,Consumer Staples,"(12566.667, 19950.0]",MN,"(18410756778.667, 27679045632.0]","(0.0778, 0.106]","(20426820608.0, 32438835200.0]","(799.999, 900.0]","(-20.0, 5.0]"
HP Inc.,Information Technology,"(39333.333, 75916.667]",CA,"(18410756778.667, 27679045632.0]","(0.035, 0.0778]","(20426820608.0, 32438835200.0]","(799.999, 900.0]","(-45.0, -20.0]"
Humana Inc.,Health Care,"(39333.333, 75916.667]",KY,"(27679045632.0, 44327873194.667]","(0.035, 0.0778]","(32438835200.0, 64683157504.0]","(799.999, 900.0]","(-20.0, 5.0]"
Huntington Bancshares,Financials,"(12566.667, 19950.0]",OH,"(18410756778.667, 27679045632.0]","(0.247, 0.633]","(6442836480.0, 11985036288.0]","(1400.0, 317000.0]","(-45.0, -20.0]"
Huntington Ingalls Industries,Industrials,"(39333.333, 75916.667]",VA,"(-125994647552.001, 9989673472.0]","(0.035, 0.0778]","(6442836480.0, 11985036288.0]","(799.999, 900.0]","(-45.0, -20.0]"
IDEXX Laboratories,Health Care,"(7200.0, 12566.667]",ME,"(18410756778.667, 27679045632.0]","(0.157, 0.247]","(20426820608.0, 32438835200.0]","(799.999, 900.0]","(-20.0, 5.0]"
IHS Markit Ltd.,Industrials,"(12566.667, 19950.0]",,"(27679045632.0, 44327873194.667]","(0.157, 0.247]","(20426820608.0, 32438835200.0]","(799.999, 900.0]","(-20.0, 5.0]"
Illinois Tool Works,Industrials,"(39333.333, 75916.667]",IL,"(44327873194.667, 90272022528.0]","(0.157, 0.247]","(32438835200.0, 64683157504.0]","(799.999, 900.0]","(-20.0, 5.0]"
Illumina Inc,Health Care,"(7200.0, 12566.667]",CA,"(27679045632.0, 44327873194.667]","(0.247, 0.633]","(32438835200.0, 64683157504.0]","(799.999, 900.0]","(-20.0, 5.0]"
Incyte,Health Care,"(193.999, 7200.0]",DE,"(18410756778.667, 27679045632.0]","(-2.243, 0.035]","(20426820608.0, 32438835200.0]","(799.999, 900.0]","(-20.0, 5.0]"
Intel Corp.,Information Technology,"(75916.667, 2200000.0]",CA,"(90272022528.0, 1317165596672.0]","(0.247, 0.633]","(64683157504.0, 1384281014272.0]","(1100.0, 1400.0]","(-20.0, 5.0]"
Intercontinental Exchange,Financials,"(193.999, 7200.0]",GA,"(44327873194.667, 90272022528.0]","(0.247, 0.633]","(32438835200.0, 64683157504.0]","(799.999, 900.0]","(-20.0, 5.0]"
International Business Machines,Information Technology,"(75916.667, 2200000.0]",NY,"(90272022528.0, 1317165596672.0]","(0.106, 0.157]","(64683157504.0, 1384281014272.0]","(799.999, 900.0]","(-20.0, 5.0]"
International Paper,Materials,"(39333.333, 75916.667]",TN,"(18410756778.667, 27679045632.0]","(-2.243, 0.035]","(11985036288.0, 20426820608.0]","(1000.0, 1100.0]","(-45.0, -20.0]"
Interpublic Group,Consumer Discretionary,"(39333.333, 75916.667]",NY,"(9989673472.0, 18410756778.667]","(0.0778, 0.106]","(925638975.999, 6442836480.0]","(1400.0, 317000.0]","(-45.0, -20.0]"
Intl Flavors & Fragrances,Materials,"(12566.667, 19950.0]",NY,"(9989673472.0, 18410756778.667]","(0.0778, 0.106]","(11985036288.0, 20426820608.0]","(799.999, 900.0]","(-20.0, 5.0]"
Intuit Inc.,Information Technology,"(7200.0, 12566.667]",CA,"(44327873194.667, 90272022528.0]","(0.157, 0.247]","(64683157504.0, 1384281014272.0]","(900.0, 1000.0]","(-20.0, 5.0]"
Invesco Ltd.,Financials,"(7200.0, 12566.667]",GA,"(9989673472.0, 18410756778.667]","(0.0778, 0.106]","(925638975.999, 6442836480.0]","(1100.0, 1400.0]","(-45.0, -20.0]"
IPG Photonics Corp.,Information Technology,"(193.999, 7200.0]",MA,"(-125994647552.001, 9989673472.0]","(0.106, 0.157]","(6442836480.0, 11985036288.0]","(799.999, 900.0]","(-20.0, 5.0]"
IQVIA Holdings Inc.,Health Care,"(39333.333, 75916.667]",NC,"(27679045632.0, 44327873194.667]","(-2.243, 0.035]","(20426820608.0, 32438835200.0]","(799.999, 900.0]","(-45.0, -20.0]"
Iron Mountain Incorporated,Real Estate,"(19950.0, 39333.333]",MA,"(9989673472.0, 18410756778.667]","(0.035, 0.0778]","(925638975.999, 6442836480.0]","(799.999, 900.0]","(-45.0, -20.0]"
J. B. Hunt Transport Services,Industrials,"(19950.0, 39333.333]",AR,"(9989673472.0, 18410756778.667]","(0.035, 0.0778]","(6442836480.0, 11985036288.0]","(1400.0, 317000.0]","(-20.0, 5.0]"
Johnson & Johnson,Health Care,"(75916.667, 2200000.0]",NJ,"(90272022528.0, 1317165596672.0]","(0.157, 0.247]","(64683157504.0, 1384281014272.0]","(799.999, 900.0]","(-20.0, 5.0]"
Johnson Controls International,Industrials,"(75916.667, 2200000.0]",,"(27679045632.0, 44327873194.667]","(0.157, 0.247]","(20426820608.0, 32438835200.0]","(799.999, 900.0]","(-45.0, -20.0]"
Juniper Networks,Information Technology,"(7200.0, 12566.667]",CA,"(-125994647552.001, 9989673472.0]","(0.035, 0.0778]","(6442836480.0, 11985036288.0]","(799.999, 900.0]","(-20.0, 5.0]"
Kellogg Co.,Consumer Staples,"(19950.0, 39333.333]",MI,"(27679045632.0, 44327873194.667]","(0.035, 0.0778]","(20426820608.0, 32438835200.0]","(799.999, 900.0]","(-20.0, 5.0]"
KeyCorp,Financials,"(12566.667, 19950.0]",OH,"(27679045632.0, 44327873194.667]","(0.247, 0.633]","(6442836480.0, 11985036288.0]","(799.999, 900.0]","(-45.0, -20.0]"
Kimberly-Clark,Consumer Staples,"(39333.333, 75916.667]",TX,"(44327873194.667, 90272022528.0]","(0.106, 0.157]","(32438835200.0, 64683157504.0]","(799.999, 900.0]","(-20.0, 5.0]"
Kimco Realty,Real Estate,"(193.999, 7200.0]",NY,"(-125994647552.001, 9989673472.0]","(0.247, 0.633]","(925638975.999, 6442836480.0]","(1100.0, 1400.0]","(-70.0, -45.0]"
Kinder Morgan,Energy,"(7200.0, 12566.667]",TX,"(44327873194.667, 90272022528.0]","(0.0778, 0.106]","(32438835200.0, 64683157504.0]","(799.999, 900.0]","(-45.0, -20.0]"
KLA-Tencor Corp.,Information Technology,"(7200.0, 12566.667]",CA,"(18410756778.667, 27679045632.0]","(0.157, 0.247]","(20426820608.0, 32438835200.0]","(799.999, 900.0]","(-20.0, 5.0]"
Kohl’s Cop,Consumer Discretionary,"(75916.667, 2200000.0]",WI,"(-125994647552.001, 9989673472.0]","(-2.243, 0.035]","(925638975.999, 6442836480.0]","(799.999, 900.0]","(-70.0, -45.0]"
Kraft Heinz Co,Consumer Staples,"(19950.0, 39333.333]",PA,"(44327873194.667, 90272022528.0]","(0.035, 0.0778]","(32438835200.0, 64683157504.0]","(1400.0, 317000.0]","(-20.0, 5.0]"
Kroger Co.,Consumer Staples,"(75916.667, 2200000.0]",OH,"(44327873194.667, 90272022528.0]","(-2.243, 0.035]","(20426820608.0, 32438835200.0]","(799.999, 900.0]","(5.0, 30.0]"
L Brands Inc.,Consumer Discretionary,"(19950.0, 39333.333]",OH,"(9989673472.0, 18410756778.667]","(-2.243, 0.035]","(925638975.999, 6442836480.0]","(1100.0, 1400.0]","(-45.0, -20.0]"
Lam Research,Information Technology,"(7200.0, 12566.667]",CA,"(27679045632.0, 44327873194.667]","(0.157, 0.247]","(32438835200.0, 64683157504.0]","(1000.0, 1100.0]","(-20.0, 5.0]"
Leggett & Platt,Consumer Discretionary,"(19950.0, 39333.333]",MO,"(-125994647552.001, 9989673472.0]","(0.035, 0.0778]","(925638975.999, 6442836480.0]","(1100.0, 1400.0]","(-45.0, -20.0]"
Lennar Corp.,Consumer Discretionary,"(7200.0, 12566.667]",FL,"(18410756778.667, 27679045632.0]","(0.0778, 0.106]","(11985036288.0, 20426820608.0]","(1100.0, 1400.0]",
Lilly (Eli) & Co.,Health Care,"(19950.0, 39333.333]",IN,"(90272022528.0, 1317165596672.0]","(0.157, 0.247]","(64683157504.0, 1384281014272.0]","(799.999, 900.0]","(5.0, 30.0]"
Lincoln National,Financials,"(7200.0, 12566.667]",PA,"(-125994647552.001, 9989673472.0]","(0.035, 0.0778]","(925638975.999, 6442836480.0]","(799.999, 900.0]","(-70.0, -45.0]"
LKQ Corporation,Consumer Discretionary,"(39333.333, 75916.667]",IL,"(9989673472.0, 18410756778.667]","(0.035, 0.0778]","(6442836480.0, 11985036288.0]","(1400.0, 317000.0]","(-45.0, -20.0]"
Lockheed Martin Corp.,Industrials,"(75916.667, 2200000.0]",MD,"(90272022528.0, 1317165596672.0]","(0.0778, 0.106]","(64683157504.0, 1384281014272.0]","(1000.0, 1100.0]","(-20.0, 5.0]"
Loews Corp.,Financials,"(12566.667, 19950.0]",NY,"(9989673472.0, 18410756778.667]","(-2.243, 0.035]","(6442836480.0, 11985036288.0]","(799.999, 900.0]","(-45.0, -20.0]"
Lowe’s Cos.,Consumer Discretionary,"(75916.667, 2200000.0]",NC,"(90272022528.0, 1317165596672.0]","(0.035, 0.0778]","(64683157504.0, 1384281014272.0]","(900.0, 1000.0]","(-45.0, -20.0]"
LyondellBasell,Materials,"(12566.667, 19950.0]",TX,"(27679045632.0, 44327873194.667]","(0.0778, 0.106]","(11985036288.0, 20426820608.0]","(799.999, 900.0]","(-45.0, -20.0]"
Macerich,Real Estate,"(193.999, 7200.0]",CA,"(-125994647552.001, 9989673472.0]","(0.0778, 0.106]","(925638975.999, 6442836480.0]","(900.0, 1000.0]","(-70.0, -45.0]"
Marathon Oil Corp.,Energy,"(193.999, 7200.0]",TX,"(-125994647552.001, 9989673472.0]","(0.0778, 0.106]","(925638975.999, 6442836480.0]","(1400.0, 317000.0]","(-70.0, -45.0]"
Marathon Petroleum,Energy,"(39333.333, 75916.667]",OH,"(44327873194.667, 90272022528.0]","(-2.243, 0.035]","(11985036288.0, 20426820608.0]","(799.999, 900.0]","(-70.0, -45.0]"
Marriott Int’l.,Consumer Discretionary,"(75916.667, 2200000.0]",MD,"(27679045632.0, 44327873194.667]","(0.157, 0.247]","(20426820608.0, 32438835200.0]","(799.999, 900.0]","(-45.0, -20.0]"
Marsh & McLennan,Financials,"(75916.667, 2200000.0]",NY,"(44327873194.667, 90272022528.0]","(0.0778, 0.106]","(32438835200.0, 64683157504.0]","(799.999, 900.0]","(-20.0, 5.0]"
Martin Marietta Materials,Materials,"(7200.0, 12566.667]",NC,"(9989673472.0, 18410756778.667]","(0.106, 0.157]","(6442836480.0, 11985036288.0]","(799.999, 900.0]","(-45.0, -20.0]"
Masco Corp.,Industrials,"(19950.0, 39333.333]",MI,"(9989673472.0, 18410756778.667]","(0.157, 0.247]","(6442836480.0, 11985036288.0]","(799.999, 900.0]","(-45.0, -20.0]"
Mastercard Inc.,Information Technology,"(12566.667, 19950.0]",NY,"(90272022528.0, 1317165596672.0]","(0.247, 0.633]","(64683157504.0, 1384281014272.0]","(799.999, 900.0]","(-20.0, 5.0]"
Mattel Inc.,Consumer Discretionary,"(19950.0, 39333.333]",CA,"(-125994647552.001, 9989673472.0]","(-2.243, 0.035]","(925638975.999, 6442836480.0]","(1400.0, 317000.0]","(-45.0, -20.0]"
McCormick & Co.,Consumer Staples,"(7200.0, 12566.667]",MD,"(18410756778.667, 27679045632.0]","(0.106, 0.157]","(20426820608.0, 32438835200.0]","(799.999, 900.0]","(-20.0, 5.0]"
McDonald’s Corp.,Consumer Discretionary,"(75916.667, 2200000.0]",IL,"(90272022528.0, 1317165596672.0]","(0.247, 0.633]","(64683157504.0, 1384281014272.0]","(1100.0, 1400.0]","(-20.0, 5.0]"
Medtronic plc,Health Care,"(75916.667, 2200000.0]",,"(90272022528.0, 1317165596672.0]","(0.157, 0.247]","(64683157504.0, 1384281014272.0]","(799.999, 900.0]","(-20.0, 5.0]"
Mettler Toledo,Health Care,"(12566.667, 19950.0]",OH,"(9989673472.0, 18410756778.667]","(0.157, 0.247]","(11985036288.0, 20426820608.0]","(1000.0, 1100.0]","(-20.0, 5.0]"
MGM Resorts International,Consumer Discretionary,"(39333.333, 75916.667]",NV,"(18410756778.667, 27679045632.0]","(0.157, 0.247]","(6442836480.0, 11985036288.0]","(1100.0, 1400.0]","(-70.0, -45.0]"
Microchip Technology,Information Technology,"(12566.667, 19950.0]",AZ,"(27679045632.0, 44327873194.667]","(0.106, 0.157]","(20426820608.0, 32438835200.0]","(900.0, 1000.0]","(-45.0, -20.0]"
Micron Technology,Information Technology,"(19950.0, 39333.333]",ID,"(44327873194.667, 90272022528.0]","(0.106, 0.157]","(32438835200.0, 64683157504.0]","(1100.0, 1400.0]","(-20.0, 5.0]"
Microsoft Corp.,Information Technology,"(75916.667, 2200000.0]",WA,"(90272022528.0, 1317165596672.0]","(0.247, 0.633]","(64683157504.0, 1384281014272.0]","(1100.0, 1400.0]","(-20.0, 5.0]"
Mid-America Apartments,Real Estate,"(193.999, 7200.0]",TN,"(9989673472.0, 18410756778.667]","(0.157, 0.247]","(11985036288.0, 20426820608.0]","(799.999, 900.0]","(-45.0, -20.0]"
Mohawk Industries,Consumer Discretionary,"(39333.333, 75916.667]",GA,"(-125994647552.001, 9989673472.0]","(0.035, 0.0778]","(925638975.999, 6442836480.0]","(799.999, 900.0]","(-45.0, -20.0]"
Mylan N.V.,Health Care,"(19950.0, 39333.333]",,"(18410756778.667, 27679045632.0]","(-2.243, 0.035]","(6442836480.0, 11985036288.0]","(1400.0, 317000.0]","(-45.0, -20.0]"
"Nasdaq, Inc.",Financials,"(193.999, 7200.0]",NY,"(18410756778.667, 27679045632.0]","(0.157, 0.247]","(11985036288.0, 20426820608.0]","(799.999, 900.0]","(-20.0, 5.0]"
National Oilwell Varco Inc.,Energy,"(19950.0, 39333.333]",TX,"(-125994647552.001, 9989673472.0]","(-2.243, 0.035]","(925638975.999, 6442836480.0]","(799.999, 900.0]","(-70.0, -45.0]"
Navient,Financials,"(193.999, 7200.0]",DE,"(90272022528.0, 1317165596672.0]","(0.247, 0.633]","(925638975.999, 6442836480.0]","(1400.0, 317000.0]","(-45.0, -20.0]"
NetApp,Information Technology,"(7200.0, 12566.667]",CA,"(-125994647552.001, 9989673472.0]","(0.157, 0.247]","(6442836480.0, 11985036288.0]","(799.999, 900.0]","(-45.0, -20.0]"
Netflix Inc.,Information Technology,"(7200.0, 12566.667]",CA,"(90272022528.0, 1317165596672.0]","(0.0778, 0.106]","(64683157504.0, 1384281014272.0]","(900.0, 1000.0]","(5.0, 30.0]"
Newmont Mining Corporation,Materials,"(12566.667, 19950.0]",CO,"(44327873194.667, 90272022528.0]","(0.247, 0.633]","(32438835200.0, 64683157504.0]","(799.999, 900.0]","(5.0, 30.0]"
News Corp. Class A,Consumer Discretionary,"(19950.0, 39333.333]",NY,"(-125994647552.001, 9989673472.0]","(-2.243, 0.035]","(925638975.999, 6442836480.0]","(799.999, 900.0]","(-45.0, -20.0]"
News Corp. Class B,Consumer Discretionary,"(19950.0, 39333.333]",NY,"(-125994647552.001, 9989673472.0]","(-2.243, 0.035]","(925638975.999, 6442836480.0]","(1400.0, 317000.0]","(-45.0, -20.0]"
Nielsen Holdings,Industrials,"(39333.333, 75916.667]",NY,"(9989673472.0, 18410756778.667]","(-2.243, 0.035]","(925638975.999, 6442836480.0]","(799.999, 900.0]","(-45.0, -20.0]"
Nike,Consumer Discretionary,"(75916.667, 2200000.0]",OR,"(90272022528.0, 1317165596672.0]","(0.0778, 0.106]","(64683157504.0, 1384281014272.0]","(799.999, 900.0]","(-20.0, 5.0]"
Nordstrom,Consumer Discretionary,"(39333.333, 75916.667]",WA,"(-125994647552.001, 9989673472.0]","(-2.243, 0.035]","(925638975.999, 6442836480.0]","(900.0, 1000.0]","(-70.0, -45.0]"
Norfolk Southern Corp.,Industrials,"(19950.0, 39333.333]",VA,"(44327873194.667, 90272022528.0]","(0.157, 0.247]","(32438835200.0, 64683157504.0]","(799.999, 900.0]","(-45.0, -20.0]"
Northern Trust Corp.,Financials,"(19950.0, 39333.333]",IL,"(9989673472.0, 18410756778.667]","(0.157, 0.247]","(11985036288.0, 20426820608.0]","(799.999, 900.0]","(-45.0, -20.0]"
Northrop Grumman Corp.,Industrials,"(75916.667, 2200000.0]",VA,"(44327873194.667, 90272022528.0]","(0.035, 0.0778]","(32438835200.0, 64683157504.0]","(1000.0, 1100.0]","(-20.0, 5.0]"
Norwegian Cruise Line,Consumer Discretionary,"(19950.0, 39333.333]",FL,"(-125994647552.001, 9989673472.0]","(0.106, 0.157]","(925638975.999, 6442836480.0]","(1400.0, 317000.0]","(-95.0, -70.0]"
NRG Energy,Utilities,"(193.999, 7200.0]",NJ,"(9989673472.0, 18410756778.667]","(0.247, 0.633]","(6442836480.0, 11985036288.0]","(799.999, 900.0]","(-45.0, -20.0]"
Nucor Corp.,Materials,"(19950.0, 39333.333]",NC,"(9989673472.0, 18410756778.667]","(0.035, 0.0778]","(11985036288.0, 20426820608.0]","(1400.0, 317000.0]","(-45.0, -20.0]"
Nvidia Corporation,Information Technology,"(12566.667, 19950.0]",CA,"(90272022528.0, 1317165596672.0]","(0.247, 0.633]","(64683157504.0, 1384281014272.0]","(1100.0, 1400.0]","(-20.0, 5.0]"
O’Reilly Automotive,Consumer Discretionary,"(75916.667, 2200000.0]",MO,"(27679045632.0, 44327873194.667]","(0.106, 0.157]","(20426820608.0, 32438835200.0]","(799.999, 900.0]","(-45.0, -20.0]"
Occidental Petroleum,Energy,"(12566.667, 19950.0]",TX,"(44327873194.667, 90272022528.0]","(-2.243, 0.035]","(11985036288.0, 20426820608.0]","(1400.0, 317000.0]","(-70.0, -45.0]"
Oracle Corp.,Information Technology,"(75916.667, 2200000.0]",CA,"(90272022528.0, 1317165596672.0]","(0.247, 0.633]","(64683157504.0, 1384281014272.0]","(1100.0, 1400.0]","(-20.0, 5.0]"
PACCAR Inc.,Industrials,"(19950.0, 39333.333]",WA,"(27679045632.0, 44327873194.667]","(0.0778, 0.106]","(20426820608.0, 32438835200.0]","(1100.0, 1400.0]","(-20.0, 5.0]"
Packaging Corporation of America,Materials,"(12566.667, 19950.0]",IL,"(9989673472.0, 18410756778.667]","(0.0778, 0.106]","(6442836480.0, 11985036288.0]","(799.999, 900.0]","(-20.0, 5.0]"
Parker-Hannifin,Industrials,"(39333.333, 75916.667]",OH,"(27679045632.0, 44327873194.667]","(0.0778, 0.106]","(11985036288.0, 20426820608.0]","(799.999, 900.0]","(-45.0, -20.0]"
Paychex Inc.,Information Technology,"(12566.667, 19950.0]",NY,"(18410756778.667, 27679045632.0]","(0.247, 0.633]","(20426820608.0, 32438835200.0]","(900.0, 1000.0]","(-45.0, -20.0]"
PayPal,Information Technology,"(19950.0, 39333.333]",CA,"(90272022528.0, 1317165596672.0]","(0.106, 0.157]","(64683157504.0, 1384281014272.0]","(900.0, 1000.0]","(-20.0, 5.0]"
People's United Financial,Financials,"(193.999, 7200.0]",CT,"(9989673472.0, 18410756778.667]","(0.247, 0.633]","(925638975.999, 6442836480.0]","(1100.0, 1400.0]","(-45.0, -20.0]"
PepsiCo Inc.,Consumer Staples,"(75916.667, 2200000.0]",NY,"(90272022528.0, 1317165596672.0]","(0.0778, 0.106]","(64683157504.0, 1384281014272.0]","(799.999, 900.0]","(-20.0, 5.0]"
Perrigo,Health Care,"(7200.0, 12566.667]",,"(9989673472.0, 18410756778.667]","(0.035, 0.0778]","(6442836480.0, 11985036288.0]","(799.999, 900.0]","(-20.0, 5.0]"
Pfizer Inc.,Health Care,"(75916.667, 2200000.0]",NY,"(90272022528.0, 1317165596672.0]","(0.247, 0.633]","(64683157504.0, 1384281014272.0]","(1400.0, 317000.0]","(-20.0, 5.0]"
PG&E Corp.,Utilities,"(19950.0, 39333.333]",CA,"(27679045632.0, 44327873194.667]","(-2.243, 0.035]","(925638975.999, 6442836480.0]","(1400.0, 317000.0]","(-45.0, -20.0]"
Philip Morris International,Consumer Staples,"(39333.333, 75916.667]",NY,"(90272022528.0, 1317165596672.0]","(0.247, 0.633]","(64683157504.0, 1384281014272.0]","(799.999, 900.0]","(-20.0, 5.0]"
Phillips 66,Energy,"(12566.667, 19950.0]",TX,"(44327873194.667, 90272022528.0]","(-2.243, 0.035]","(20426820608.0, 32438835200.0]","(799.999, 900.0]","(-45.0, -20.0]"
PNC Financial Services,Financials,"(39333.333, 75916.667]",PA,"(90272022528.0, 1317165596672.0]","(0.247, 0.633]","(32438835200.0, 64683157504.0]","(799.999, 900.0]","(-45.0, -20.0]"
PPG Industries,Materials,"(39333.333, 75916.667]",PA,"(18410756778.667, 27679045632.0]","(0.0778, 0.106]","(20426820608.0, 32438835200.0]","(799.999, 900.0]","(-45.0, -20.0]"
Principal Financial Group,Financials,"(12566.667, 19950.0]",IA,"(-125994647552.001, 9989673472.0]","(0.035, 0.0778]","(6442836480.0, 11985036288.0]","(1100.0, 1400.0]","(-45.0, -20.0]"
Procter & Gamble,Consumer Staples,"(75916.667, 2200000.0]",OH,"(90272022528.0, 1317165596672.0]","(0.035, 0.0778]","(64683157504.0, 1384281014272.0]","(799.999, 900.0]","(-20.0, 5.0]"
Progressive Corp.,Financials,"(39333.333, 75916.667]",OH,"(44327873194.667, 90272022528.0]","(0.0778, 0.106]","(32438835200.0, 64683157504.0]","(799.999, 900.0]","(-20.0, 5.0]"
Prologis,Real Estate,"(193.999, 7200.0]",CA,"(44327873194.667, 90272022528.0]","(0.247, 0.633]","(32438835200.0, 64683157504.0]","(799.999, 900.0]","(-20.0, 5.0]"
Prudential Financial,Financials,"(39333.333, 75916.667]",NJ,"(18410756778.667, 27679045632.0]","(0.035, 0.0778]","(20426820608.0, 32438835200.0]","(1100.0, 1400.0]","(-45.0, -20.0]"
Public Storage,Real Estate,"(193.999, 7200.0]",CA,"(27679045632.0, 44327873194.667]","(0.247, 0.633]","(20426820608.0, 32438835200.0]","(1400.0, 317000.0]","(-20.0, 5.0]"
PVH Corp.,Consumer Discretionary,"(19950.0, 39333.333]",NY,"(-125994647552.001, 9989673472.0]","(0.035, 0.0778]","(925638975.999, 6442836480.0]","(799.999, 900.0]","(-70.0, -45.0]"
Qorvo,Information Technology,"(7200.0, 12566.667]",NC,"(9989673472.0, 18410756778.667]","(0.106, 0.157]","(6442836480.0, 11985036288.0]","(900.0, 1000.0]","(-45.0, -20.0]"
QUALCOMM Inc.,Information Technology,"(19950.0, 39333.333]",CA,"(90272022528.0, 1317165596672.0]","(0.157, 0.247]","(64683157504.0, 1384281014272.0]","(900.0, 1000.0]","(-20.0, 5.0]"
Quanta Services Inc.,Industrials,"(39333.333, 75916.667]",TX,"(-125994647552.001, 9989673472.0]","(-2.243, 0.035]","(925638975.999, 6442836480.0]","(900.0, 1000.0]","(-45.0, -20.0]"
Quest Diagnostics,Health Care,"(39333.333, 75916.667]",NJ,"(18410756778.667, 27679045632.0]","(0.0778, 0.106]","(11985036288.0, 20426820608.0]","(799.999, 900.0]","(-45.0, -20.0]"
Realty Income Corporation,Real Estate,"(193.999, 7200.0]",CA,"(18410756778.667, 27679045632.0]","(0.247, 0.633]","(11985036288.0, 20426820608.0]","(900.0, 1000.0]","(-45.0, -20.0]"
Regency Centers Corporation,Real Estate,"(193.999, 7200.0]",FL,"(9989673472.0, 18410756778.667]","(0.157, 0.247]","(6442836480.0, 11985036288.0]","(1100.0, 1400.0]","(-45.0, -20.0]"
Regeneron,Health Care,"(7200.0, 12566.667]",NY,"(44327873194.667, 90272022528.0]","(0.247, 0.633]","(32438835200.0, 64683157504.0]","(799.999, 900.0]","(5.0, 30.0]"
Regions Financial Corp.,Financials,"(12566.667, 19950.0]",AL,"(18410756778.667, 27679045632.0]","(0.247, 0.633]","(6442836480.0, 11985036288.0]","(1400.0, 317000.0]","(-45.0, -20.0]"
Republic Services Inc,Industrials,"(19950.0, 39333.333]",AZ,"(27679045632.0, 44327873194.667]","(0.0778, 0.106]","(20426820608.0, 32438835200.0]","(799.999, 900.0]","(-20.0, 5.0]"
ResMed,Health Care,"(7200.0, 12566.667]",CA,"(18410756778.667, 27679045632.0]","(0.157, 0.247]","(20426820608.0, 32438835200.0]","(799.999, 900.0]","(-20.0, 5.0]"
Rockwell Automation Inc.,Industrials,"(19950.0, 39333.333]",WI,"(18410756778.667, 27679045632.0]","(0.0778, 0.106]","(20426820608.0, 32438835200.0]","(1000.0, 1100.0]","(-45.0, -20.0]"
Roper Technologies,Industrials,"(12566.667, 19950.0]",FL,"(27679045632.0, 44327873194.667]","(0.247, 0.633]","(32438835200.0, 64683157504.0]","(1100.0, 1400.0]","(-20.0, 5.0]"
Ross Stores,Consumer Discretionary,"(75916.667, 2200000.0]",CA,"(27679045632.0, 44327873194.667]","(0.0778, 0.106]","(20426820608.0, 32438835200.0]","(799.999, 900.0]","(-45.0, -20.0]"
Royal Caribbean Cruises Ltd,Consumer Discretionary,"(75916.667, 2200000.0]",FL,"(18410756778.667, 27679045632.0]","(0.157, 0.247]","(6442836480.0, 11985036288.0]","(799.999, 900.0]","(-70.0, -45.0]"
SBA Communications,Real Estate,"(193.999, 7200.0]",FL,"(44327873194.667, 90272022528.0]","(-2.243, 0.035]","(20426820608.0, 32438835200.0]","(799.999, 900.0]","(5.0, 30.0]"
Schlumberger Ltd.,Energy,"(75916.667, 2200000.0]",TX,"(27679045632.0, 44327873194.667]","(-2.243, 0.035]","(20426820608.0, 32438835200.0]","(900.0, 1000.0]","(-70.0, -45.0]"
Sempra Energy,Utilities,"(12566.667, 19950.0]",CA,"(44327873194.667, 90272022528.0]","(0.157, 0.247]","(32438835200.0, 64683157504.0]","(799.999, 900.0]","(-45.0, -20.0]"
Sherwin-Williams,Materials,"(39333.333, 75916.667]",OH,"(44327873194.667, 90272022528.0]","(0.0778, 0.106]","(32438835200.0, 64683157504.0]","(1000.0, 1100.0]","(-20.0, 5.0]"
Skyworks Solutions,Information Technology,"(7200.0, 12566.667]",CA,"(9989673472.0, 18410756778.667]","(0.157, 0.247]","(11985036288.0, 20426820608.0]","(900.0, 1000.0]","(-45.0, -20.0]"
SL Green Realty,Real Estate,"(193.999, 7200.0]",NY,"(9989673472.0, 18410756778.667]","(0.247, 0.633]","(925638975.999, 6442836480.0]","(799.999, 900.0]","(-45.0, -20.0]"
Snap-On Inc.,Consumer Discretionary,"(12566.667, 19950.0]",WI,"(-125994647552.001, 9989673472.0]","(0.157, 0.247]","(6442836480.0, 11985036288.0]","(900.0, 1000.0]","(-45.0, -20.0]"
Southern Co.,Utilities,"(19950.0, 39333.333]",GA,"(90272022528.0, 1317165596672.0]","(0.157, 0.247]","(32438835200.0, 64683157504.0]","(799.999, 900.0]","(-20.0, 5.0]"
Southwest Airlines,Industrials,"(39333.333, 75916.667]",TX,"(9989673472.0, 18410756778.667]","(0.0778, 0.106]","(11985036288.0, 20426820608.0]","(900.0, 1000.0]","(-45.0, -20.0]"
Stanley Black & Decker,Consumer Discretionary,"(39333.333, 75916.667]",CT,"(18410756778.667, 27679045632.0]","(0.035, 0.0778]","(11985036288.0, 20426820608.0]","(799.999, 900.0]","(-45.0, -20.0]"
Starbucks Corp.,Consumer Discretionary,"(75916.667, 2200000.0]",WA,"(90272022528.0, 1317165596672.0]","(0.106, 0.157]","(64683157504.0, 1384281014272.0]","(1100.0, 1400.0]","(-45.0, -20.0]"
Stericycle Inc,Industrials,"(12566.667, 19950.0]",IL,"(-125994647552.001, 9989673472.0]","(-2.243, 0.035]","(925638975.999, 6442836480.0]","(799.999, 900.0]","(-45.0, -20.0]"
Stryker Corp.,Health Care,"(39333.333, 75916.667]",MI,"(44327873194.667, 90272022528.0]","(0.106, 0.157]","(64683157504.0, 1384281014272.0]","(1100.0, 1400.0]","(-45.0, -20.0]"
SVB Financial,Financials,"(193.999, 7200.0]",CA,"(-125994647552.001, 9989673472.0]","(0.247, 0.633]","(6442836480.0, 11985036288.0]","(900.0, 1000.0]","(-45.0, -20.0]"
Synchrony Financial,Financials,"(12566.667, 19950.0]",CT,"(9989673472.0, 18410756778.667]","(0.247, 0.633]","(6442836480.0, 11985036288.0]","(799.999, 900.0]","(-70.0, -45.0]"
Synopsys Inc.,Information Technology,"(12566.667, 19950.0]",CA,"(18410756778.667, 27679045632.0]","(0.106, 0.157]","(20426820608.0, 32438835200.0]","(1400.0, 317000.0]","(-20.0, 5.0]"
Sysco Corp.,Consumer Staples,"(39333.333, 75916.667]",TX,"(27679045632.0, 44327873194.667]","(-2.243, 0.035]","(20426820608.0, 32438835200.0]","(799.999, 900.0]","(-45.0, -20.0]"
T. Rowe Price Group,Financials,"(7200.0, 12566.667]",MD,"(18410756778.667, 27679045632.0]","(0.247, 0.633]","(20426820608.0, 32438835200.0]","(799.999, 900.0]","(-20.0, 5.0]"
Take-Two Interactive,Information Technology,"(193.999, 7200.0]",NY,"(9989673472.0, 18410756778.667]","(0.106, 0.157]","(11985036288.0, 20426820608.0]","(799.999, 900.0]","(-20.0, 5.0]"
TechnipFMC,Energy,"(19950.0, 39333.333]",,"(-125994647552.001, 9989673472.0]","(-2.243, 0.035]","(925638975.999, 6442836480.0]","(1000.0, 1100.0]","(-70.0, -45.0]"
Texas Instruments,Information Technology,"(19950.0, 39333.333]",TX,"(90272022528.0, 1317165596672.0]","(0.247, 0.633]","(64683157504.0, 1384281014272.0]","(799.999, 900.0]","(-20.0, 5.0]"
Textron Inc.,Industrials,"(19950.0, 39333.333]",RI,"(-125994647552.001, 9989673472.0]","(0.035, 0.0778]","(925638975.999, 6442836480.0]","(1000.0, 1100.0]","(-45.0, -20.0]"
The Clorox Company,Consumer Staples,"(7200.0, 12566.667]",CA,"(27679045632.0, 44327873194.667]","(0.106, 0.157]","(20426820608.0, 32438835200.0]","(799.999, 900.0]","(5.0, 30.0]"
The Hershey Company,Consumer Staples,"(12566.667, 19950.0]",PA,"(27679045632.0, 44327873194.667]","(0.106, 0.157]","(20426820608.0, 32438835200.0]","(799.999, 900.0]","(-20.0, 5.0]"
The Mosaic Company,Materials,"(12566.667, 19950.0]",FL,"(-125994647552.001, 9989673472.0]","(-2.243, 0.035]","(925638975.999, 6442836480.0]","(1400.0, 317000.0]","(-45.0, -20.0]"
The Walt Disney Company,Consumer Discretionary,"(75916.667, 2200000.0]",CA,"(90272022528.0, 1317165596672.0]","(0.106, 0.157]","(64683157504.0, 1384281014272.0]","(799.999, 900.0]","(-45.0, -20.0]"
Thermo Fisher Scientific,Health Care,"(39333.333, 75916.667]",MA,"(90272022528.0, 1317165596672.0]","(0.106, 0.157]","(64683157504.0, 1384281014272.0]","(1000.0, 1100.0]","(-20.0, 5.0]"
Tiffany & Co.,Consumer Discretionary,"(12566.667, 19950.0]",NY,"(9989673472.0, 18410756778.667]","(0.106, 0.157]","(11985036288.0, 20426820608.0]","(799.999, 900.0]","(-20.0, 5.0]"
TJX Companies Inc.,Consumer Discretionary,"(75916.667, 2200000.0]",MA,"(44327873194.667, 90272022528.0]","(0.0778, 0.106]","(32438835200.0, 64683157504.0]","(1100.0, 1400.0]","(-45.0, -20.0]"
Tractor Supply Company,Consumer Discretionary,"(19950.0, 39333.333]",TN,"(9989673472.0, 18410756778.667]","(0.035, 0.0778]","(11985036288.0, 20426820608.0]","(1100.0, 1400.0]","(-20.0, 5.0]"
TransDigm Group,Industrials,"(12566.667, 19950.0]",OH,"(27679045632.0, 44327873194.667]","(0.157, 0.247]","(11985036288.0, 20426820608.0]","(799.999, 900.0]","(-45.0, -20.0]"
TripAdvisor,Consumer Discretionary,"(193.999, 7200.0]",MA,"(-125994647552.001, 9989673472.0]","(0.0778, 0.106]","(925638975.999, 6442836480.0]","(799.999, 900.0]","(-45.0, -20.0]"
Twenty-First Century Fox Class A,Consumer Discretionary,"(7200.0, 12566.667]",NY,"(18410756778.667, 27679045632.0]","(0.106, 0.157]","(11985036288.0, 20426820608.0]","(1400.0, 317000.0]","(-45.0, -20.0]"
Twenty-First Century Fox Class B,Consumer Discretionary,"(7200.0, 12566.667]",NY,"(18410756778.667, 27679045632.0]","(0.106, 0.157]","(11985036288.0, 20426820608.0]","(1000.0, 1100.0]","(-45.0, -20.0]"
Tyson Foods,Consumer Staples,"(75916.667, 2200000.0]",AR,"(27679045632.0, 44327873194.667]","(0.035, 0.0778]","(11985036288.0, 20426820608.0]","(799.999, 900.0]","(-45.0, -20.0]"
UDR Inc,Real Estate,"(193.999, 7200.0]",CO,"(9989673472.0, 18410756778.667]","(0.157, 0.247]","(6442836480.0, 11985036288.0]","(799.999, 900.0]","(-45.0, -20.0]"
Ulta Beauty,Consumer Discretionary,"(12566.667, 19950.0]",IL,"(9989673472.0, 18410756778.667]","(0.0778, 0.106]","(11985036288.0, 20426820608.0]","(1100.0, 1400.0]","(-45.0, -20.0]"
Under Armour Class A,Consumer Discretionary,"(193.999, 7200.0]",MD,"(-125994647552.001, 9989673472.0]","(-2.243, 0.035]","(925638975.999, 6442836480.0]","(1400.0, 317000.0]","(-70.0, -45.0]"
Under Armour Class C,Consumer Discretionary,"(193.999, 7200.0]",MD,"(-125994647552.001, 9989673472.0]","(-2.243, 0.035]","(925638975.999, 6442836480.0]","(1400.0, 317000.0]","(-70.0, -45.0]"
Union Pacific,Industrials,"(19950.0, 39333.333]",NE,"(90272022528.0, 1317165596672.0]","(0.247, 0.633]","(64683157504.0, 1384281014272.0]","(799.999, 900.0]","(-45.0, -20.0]"
United Parcel Service,Industrials,"(75916.667, 2200000.0]",GA,"(90272022528.0, 1317165596672.0]","(0.035, 0.0778]","(64683157504.0, 1384281014272.0]","(799.999, 900.0]","(-20.0, 5.0]"
"United Rentals, Inc.",Industrials,"(12566.667, 19950.0]",CT,"(18410756778.667, 27679045632.0]","(0.106, 0.157]","(6442836480.0, 11985036288.0]","(799.999, 900.0]","(-45.0, -20.0]"
"Universal Health Services, Inc.",Health Care,"(75916.667, 2200000.0]",PA,"(9989673472.0, 18410756778.667]","(0.035, 0.0778]","(6442836480.0, 11985036288.0]","(799.999, 900.0]","(-45.0, -20.0]"
Unum Group,Financials,"(7200.0, 12566.667]",TN,"(-125994647552.001, 9989673472.0]","(0.0778, 0.106]","(925638975.999, 6442836480.0]","(1400.0, 317000.0]","(-70.0, -45.0]"
V.F. Corp.,Consumer Discretionary,"(39333.333, 75916.667]",CO,"(18410756778.667, 27679045632.0]","(0.0778, 0.106]","(20426820608.0, 32438835200.0]","(1000.0, 1100.0]","(-45.0, -20.0]"
Verisign Inc.,Information Technology,"(193.999, 7200.0]",VA,"(18410756778.667, 27679045632.0]","(0.247, 0.633]","(20426820608.0, 32438835200.0]","(900.0, 1000.0]","(-20.0, 5.0]"
Verisk Analytics,Industrials,"(7200.0, 12566.667]",NJ,"(27679045632.0, 44327873194.667]","(0.157, 0.247]","(20426820608.0, 32438835200.0]","(799.999, 900.0]","(-20.0, 5.0]"
Vertex Pharmaceuticals Inc,Health Care,"(193.999, 7200.0]",MA,"(44327873194.667, 90272022528.0]","(0.247, 0.633]","(64683157504.0, 1384281014272.0]","(1000.0, 1100.0]","(-20.0, 5.0]"
Visa Inc.,Information Technology,"(12566.667, 19950.0]",CA,"(90272022528.0, 1317165596672.0]","(0.247, 0.633]","(64683157504.0, 1384281014272.0]","(900.0, 1000.0]","(-20.0, 5.0]"
Vulcan Materials,Materials,"(7200.0, 12566.667]",AL,"(9989673472.0, 18410756778.667]","(0.106, 0.157]","(11985036288.0, 20426820608.0]","(1100.0, 1400.0]","(-45.0, -20.0]"
Wal-Mart Stores,Consumer Staples,"(75916.667, 2200000.0]",AR,"(90272022528.0, 1317165596672.0]","(-2.243, 0.035]","(64683157504.0, 1384281014272.0]","(1000.0, 1100.0]","(-20.0, 5.0]"
Walgreens Boots Alliance,Consumer Staples,"(75916.667, 2200000.0]",IL,"(44327873194.667, 90272022528.0]","(-2.243, 0.035]","(32438835200.0, 64683157504.0]","(799.999, 900.0]","(-20.0, 5.0]"
Waters Corporation,Health Care,"(7200.0, 12566.667]",MA,"(9989673472.0, 18410756778.667]","(0.157, 0.247]","(6442836480.0, 11985036288.0]","(1100.0, 1400.0]","(-20.0, 5.0]"
Wec Energy Group Inc,Utilities,"(7200.0, 12566.667]",WI,"(27679045632.0, 44327873194.667]","(0.157, 0.247]","(20426820608.0, 32438835200.0]","(799.999, 900.0]","(-20.0, 5.0]"
Western Digital,Information Technology,"(39333.333, 75916.667]",CA,"(18410756778.667, 27679045632.0]","(-2.243, 0.035]","(11985036288.0, 20426820608.0]","(1400.0, 317000.0]","(-45.0, -20.0]"
Western Union Co,Information Technology,"(7200.0, 12566.667]",CO,"(9989673472.0, 18410756778.667]","(0.157, 0.247]","(6442836480.0, 11985036288.0]","(1400.0, 317000.0]","(-45.0, -20.0]"
Weyerhaeuser Corp.,Real Estate,"(7200.0, 12566.667]",WA,"(18410756778.667, 27679045632.0]","(0.035, 0.0778]","(11985036288.0, 20426820608.0]","(799.999, 900.0]","(-45.0, -20.0]"
Whirlpool Corp.,Consumer Discretionary,"(75916.667, 2200000.0]",MI,"(9989673472.0, 18410756778.667]","(0.035, 0.0778]","(6442836480.0, 11985036288.0]","(1100.0, 1400.0]","(-45.0, -20.0]"
Williams Cos.,Energy,"(193.999, 7200.0]",OK,"(44327873194.667, 90272022528.0]","(-2.243, 0.035]","(20426820608.0, 32438835200.0]","(799.999, 900.0]","(-45.0, -20.0]"
Willis Towers Watson,Financials,"(39333.333, 75916.667]",,"(27679045632.0, 44327873194.667]","(0.106, 0.157]","(20426820608.0, 32438835200.0]","(799.999, 900.0]","(-20.0, 5.0]"
Wynn Resorts Ltd,Consumer Discretionary,"(19950.0, 39333.333]",NV,"(9989673472.0, 18410756778.667]","(-2.243, 0.035]","(6442836480.0, 11985036288.0]","(799.999, 900.0]","(-70.0, -45.0]"
Xerox Corp.,Information Technology,"(19950.0, 39333.333]",CT,"(-125994647552.001, 9989673472.0]","(0.106, 0.157]","(925638975.999, 6442836480.0]","(900.0, 1000.0]","(-70.0, -45.0]"
Xylem Inc.,Industrials,"(12566.667, 19950.0]",NY,"(9989673472.0, 18410756778.667]","(0.035, 0.0778]","(6442836480.0, 11985036288.0]","(900.0, 1000.0]","(-20.0, 5.0]"
Zimmer Biomet Holdings,Health Care,"(12566.667, 19950.0]",IN,"(27679045632.0, 44327873194.667]","(0.106, 0.157]","(20426820608.0, 32438835200.0]","(900.0, 1000.0]","(-45.0, -20.0]"
Zions Bancorp,Financials,"(7200.0, 12566.667]",UT,"(-125994647552.001, 9989673472.0]","(0.157, 0.247]","(925638975.999, 6442836480.0]","(1400.0, 317000.0]","(-45.0, -20.0]"
Zoetis,Health Care,"(7200.0, 12566.667]",NJ,"(44327873194.667, 90272022528.0]","(0.157, 0.247]","(32438835200.0, 64683157504.0]","(900.0, 1000.0]","(-20.0, 5.0]"
